date,production
07/07/2023,346758
06/30/2023,347159
06/23/2023,348617
06/16/2023,349968
06/09/2023,351687
06/02/2023,353569
05/26/2023,355436
05/19/2023,357954
05/12/2023,359586
05/05/2023,362014
04/28/2023,364938
04/21/2023,366942
04/14/2023,367963
04/7/2023,369575
03/31/2023,371175
03/24/2023,371579
03/17/2023,371579
03/10/2023,371579
03/3/2023,371579
02/24/2023,371579
02/17/2023,371579
02/10/2023,371579
02/3/2023,371579
01/27/2023,371579
01/20/2023,371579
01/13/2023,371579
01/6/2023,371580
12/30/2022,372380
12/23/2022,375128
12/16/2022,378624
12/9/2022,382271
12/2/2022,387019
11/25/2022,389116
11/18/2022,390518
11/11/2022,392119
11/4/2022,396219
10/28/2022,399792
10/21/2022,401718
10/14/2022,405135
10/7/2022,408699
09/30/2022,416389
09/23/2022,422583
09/16/2022,427158
09/9/2022,434057
09/2/2022,442471
08/26/2022,449998
08/19/2022,453065
08/12/2022,461156
08/5/2022,464558
07/29/2022,469855
07/22/2022,474545
07/15/2022,480149
07/8/2022,485147
07/1/2022,492028
06/24/2022,497868
06/17/2022,504818
06/10/2022,511612
06/3/2022,519323
05/27/2022,526592
05/20/2022,532013
05/13/2022,537984
05/6/2022,542994
04/29/2022,549985
04/22/2022,553070
04/15/2022,555980
04/8/2022,560681
04/1/2022,564580
03/25/2022,568322
03/18/2022,571323
03/11/2022,575513
03/4/2022,577496
02/25/2022,580020
02/18/2022,582384
02/11/2022,584828
02/4/2022,587515
01/28/2022,588912
01/21/2022,590782
01/14/2022,592034
01/7/2022,593382
12/31/2021,593682
12/24/2021,595028
12/17/2021,596381
12/10/2021,598917
12/3/2021,600867
11/26/2021,602556
11/19/2021,604505
11/12/2021,606147
11/5/2021,609396
10/29/2021,612541
10/22/2021,614186
10/15/2021,615276
10/8/2021,616970
10/1/2021,617770
09/24/2021,618689
09/17/2021,619569
09/10/2021,620773
09/3/2021,621302
08/27/2021,621302
08/20/2021,621302
08/13/2021,621302
08/6/2021,621304
07/30/2021,621304
07/23/2021,621304
07/16/2021,621304
07/9/2021,621304
07/2/2021,621304
06/25/2021,622487
06/18/2021,623888
06/11/2021,625593
06/4/2021,626484
05/28/2021,627833
05/21/2021,628481
05/14/2021,630127
05/7/2021,632028
04/30/2021,633427
04/23/2021,634475
04/16/2021,635924
04/9/2021,636667
04/2/2021,637773
03/26/2021,637773
03/19/2021,637773
03/12/2021,637773
03/5/2021,637773
02/26/2021,637773
02/19/2021,637773
02/12/2021,637773
02/5/2021,637921
01/29/2021,638086
01/22/2021,638086
01/15/2021,638085
01/8/2021,638085
01/1/2021,638085
12/25/2020,638085
12/18/2020,638085
12/11/2020,638086
12/4/2020,638085
11/27/2020,638190
11/20/2020,638190
11/13/2020,638301
11/6/2020,638706
10/30/2020,639270
10/23/2020,639423
10/16/2020,640081
10/9/2020,640847
10/2/2020,642006
09/25/2020,643151
09/18/2020,644952
09/11/2020,645733
09/4/2020,647860
08/28/2020,648165
08/21/2020,649465
08/14/2020,651228
08/7/2020,653899
07/31/2020,656141
07/24/2020,656147
07/17/2020,656147
07/10/2020,656149
07/3/2020,656023
06/26/2020,655413
06/19/2020,653721
06/12/2020,651730
06/5/2020,649999
05/29/2020,647779
05/22/2020,643759
05/15/2020,641648
05/8/2020,639766
05/1/2020,637833
04/24/2020,636117
04/17/2020,634967
04/10/2020,634967
04/3/2020,634967
03/27/2020,634967
03/20/2020,634967
03/13/2020,634967
03/6/2020,634967
02/28/2020,634967
02/21/2020,634967
02/14/2020,634967
02/7/2020,634967
01/31/2020,634967
01/24/2020,634967
01/17/2020,634967
01/10/2020,634967
01/3/2020,634967
12/27/2019,634967
12/20/2019,634967
12/13/2019,634967
12/6/2019,634968
11/29/2019,635166
11/22/2019,636170
11/15/2019,637537
11/8/2019,639509
11/1/2019,640952
10/25/2019,641652
10/18/2019,642350
10/11/2019,643349
10/4/2019,644618
09/27/2019,644818
09/20/2019,644818
09/13/2019,644818
09/6/2019,644818
08/30/2019,644818
08/23/2019,644818
08/16/2019,644818
08/9/2019,644818
08/2/2019,644818
07/26/2019,644818
07/19/2019,644818
07/12/2019,644818
07/5/2019,644818
06/28/2019,644818
06/21/2019,644818
06/14/2019,644818
06/7/2019,644818
05/31/2019,644818
05/24/2019,644818
05/17/2019,644818
05/10/2019,645953
05/3/2019,647717
04/26/2019,648587
04/19/2019,649126
04/12/2019,649126
04/5/2019,649126
03/29/2019,649126
03/22/2019,649126
03/15/2019,649126
03/8/2019,649126
03/1/2019,649126
02/22/2019,649139
02/15/2019,649139
02/8/2019,649139
02/1/2019,649139
01/25/2019,649139
01/18/2019,649139
01/11/2019,649139
01/4/2019,649139
12/28/2018,649139
12/21/2018,649139
12/14/2018,649137
12/7/2018,649563
11/30/2018,649561
11/23/2018,650564
11/16/2018,652569
11/9/2018,653329
11/2/2018,654700
10/26/2018,654935
10/19/2018,656476
10/12/2018,657634
10/5/2018,658704
09/28/2018,660010
09/21/2018,660010
09/14/2018,660010
09/7/2018,660011
08/31/2018,660012
08/24/2018,660012
08/17/2018,660012
08/10/2018,660013
08/3/2018,660013
07/27/2018,660014
07/20/2018,660014
07/13/2018,660014
07/6/2018,660015
06/29/2018,660016
06/22/2018,660016
06/15/2018,660016
06/8/2018,660168
06/1/2018,660168
05/25/2018,660777
05/18/2018,661336
05/11/2018,662037
05/4/2018,663557
04/27/2018,664266
04/20/2018,664718
04/13/2018,665456
04/6/2018,665456
03/30/2018,665456
03/23/2018,665458
03/16/2018,665458
03/9/2018,665458
03/2/2018,665458
02/23/2018,665281
02/16/2018,664872
02/9/2018,665568
02/2/2018,665148
01/26/2018,664686
01/19/2018,664454
01/12/2018,664218
01/5/2018,663747
12/29/2017,663748
12/22/2017,663392
12/15/2017,663294
12/8/2017,662911
12/1/2017,662663
11/24/2017,665111
11/17/2017,667475
11/10/2017,669200
11/3/2017,669906
10/27/2017,670587
10/20/2017,671377
10/13/2017,671691
10/6/2017,672449
09/29/2017,673649
09/22/2017,674601
09/15/2017,675397
09/8/2017,677007
09/1/2017,678600
08/25/2017,678880
08/18/2017,678883
08/11/2017,678883
08/4/2017,678883
07/28/2017,678884
07/21/2017,678885
07/14/2017,678885
07/7/2017,678887
06/30/2017,682037
06/23/2017,682436
06/16/2017,683842
06/9/2017,684625
06/2/2017,685026
05/26/2017,686682
05/19/2017,687661
05/12/2017,688059
05/5/2017,688787
04/28/2017,689338
04/21/2017,690810
04/14/2017,691311
04/7/2017,691510
03/31/2017,692135
03/24/2017,692659
03/17/2017,693383
03/10/2017,694009
03/3/2017,694825
02/24/2017,695076
02/17/2017,695078
02/10/2017,695078
02/3/2017,695078
01/27/2017,695079
01/20/2017,695081
01/13/2017,695081
01/6/2017,695082
12/30/2016,695082
12/23/2016,695082
12/16/2016,695083
12/9/2016,695084
12/2/2016,695084
11/25/2016,695085
11/18/2016,695086
11/11/2016,695087
11/4/2016,695087
10/28/2016,695088
10/21/2016,695089
10/14/2016,695089
10/7/2016,695090
09/30/2016,695091
09/23/2016,695092
09/16/2016,695092
09/9/2016,695093
09/2/2016,695093
08/26/2016,695094
08/19/2016,695095
08/12/2016,695096
08/5/2016,695096
07/29/2016,695099
07/22/2016,695099
07/15/2016,695099
07/8/2016,695100
07/1/2016,695102
06/24/2016,695104
06/17/2016,695104
06/10/2016,695104
06/3/2016,695104
05/27/2016,695106
05/20/2016,695106
05/13/2016,695107
05/6/2016,695107
04/29/2016,695108
04/22/2016,695111
04/15/2016,695112
04/8/2016,695112
04/1/2016,695112
03/25/2016,695112
03/18/2016,695114
03/11/2016,695114
03/4/2016,695112
02/26/2016,695115
02/19/2016,695115
02/12/2016,695116
02/5/2016,695116
01/29/2016,695117
01/22/2016,695118
01/15/2016,695118
01/8/2016,695119
01/1/2016,695120
12/25/2015,695120
12/18/2015,695123
12/11/2015,695123
12/4/2015,695123
11/27/2015,695125
11/20/2015,695125
11/13/2015,695126
11/6/2015,695126
10/30/2015,695127
10/23/2015,695127
10/16/2015,695127
10/9/2015,695128
10/2/2015,695128
09/25/2015,695128
09/18/2015,695130
09/11/2015,695130
09/4/2015,695130
08/28/2015,695133
08/21/2015,695133
08/14/2015,695133
08/7/2015,695134
07/31/2015,695134
07/24/2015,695134
07/17/2015,695135
07/10/2015,694622
07/3/2015,694223
06/26/2015,693692
06/19/2015,693294
06/12/2015,692944
06/5/2015,692345
05/29/2015,692346
05/22/2015,691847
05/15/2015,691260
05/8/2015,690947
05/1/2015,690948
04/24/2015,690948
04/17/2015,690950
04/10/2015,690950
04/3/2015,690952
03/27/2015,690952
03/20/2015,690952
03/13/2015,690953
03/6/2015,690953
02/27/2015,690955
02/20/2015,690955
02/13/2015,690955
02/6/2015,690956
01/30/2015,690957
01/23/2015,690957
01/16/2015,690958
01/9/2015,690959
01/2/2015,690961
12/26/2014,690963
12/19/2014,690963
12/12/2014,690963
12/5/2014,690963
11/28/2014,690965
11/21/2014,690966
11/14/2014,690966
11/7/2014,690966
10/31/2014,690967
10/24/2014,690967
10/17/2014,690968
10/10/2014,690968
10/3/2014,690969
09/26/2014,690970
09/19/2014,690972
09/12/2014,690972
09/5/2014,690972
08/29/2014,690972
08/22/2014,690972
08/15/2014,690972
08/8/2014,690972
08/1/2014,690972
07/25/2014,690972
07/18/2014,690972
07/11/2014,690972
07/4/2014,690972
06/27/2014,690972
06/20/2014,690972
06/13/2014,690972
06/6/2014,690971
05/30/2014,690971
05/23/2014,690971
05/16/2014,690971
05/9/2014,691520
05/2/2014,692864
04/25/2014,693613
04/18/2014,694568
04/11/2014,695106
04/4/2014,695729
03/28/2014,695969
03/21/2014,695969
03/14/2014,695969
03/7/2014,695969
02/28/2014,695969
02/21/2014,695969
02/14/2014,695969
02/7/2014,695969
01/31/2014,695969
01/24/2014,695969
01/17/2014,695969
01/10/2014,695969
01/3/2014,695969
12/27/2013,695969
12/20/2013,695969
12/13/2013,695969
12/6/2013,695969
11/29/2013,695969
11/22/2013,695969
11/15/2013,695969
11/8/2013,695969
11/1/2013,695969
10/25/2013,695969
10/18/2013,695969
10/11/2013,695969
10/4/2013,695969
09/27/2013,695969
09/20/2013,695969
09/13/2013,695969
09/6/2013,695969
08/30/2013,695969
08/23/2013,695969
08/16/2013,695969
08/9/2013,695969
08/2/2013,695969
07/26/2013,695969
07/19/2013,695969
07/12/2013,695969
07/5/2013,695969
06/28/2013,695969
06/21/2013,695969
06/14/2013,695969
06/7/2013,695969
05/31/2013,695969
05/24/2013,695969
05/17/2013,695969
05/10/2013,695969
05/3/2013,695969
04/26/2013,695969
04/19/2013,695969
04/12/2013,695969
04/5/2013,695969
03/29/2013,695969
03/22/2013,695969
03/15/2013,695969
03/8/2013,695969
03/1/2013,695969
02/22/2013,695969
02/15/2013,695969
02/8/2013,695969
02/1/2013,695807
01/25/2013,695460
01/18/2013,695267
01/11/2013,695267
01/4/2013,694952
12/28/2012,694952
12/21/2012,694952
12/14/2012,694952
12/7/2012,694952
11/30/2012,694952
11/23/2012,694952
11/16/2012,694952
11/9/2012,694952
11/2/2012,694952
10/26/2012,694952
10/19/2012,694952
10/12/2012,694952
10/5/2012,694952
09/28/2012,694952
09/21/2012,694952
09/14/2012,694952
09/7/2012,694950
08/31/2012,695950
08/24/2012,695950
08/17/2012,695950
08/10/2012,695950
08/3/2012,695950
07/27/2012,695950
07/20/2012,695951
07/13/2012,695951
07/6/2012,695951
06/29/2012,695951
06/22/2012,695951
06/15/2012,695951
06/8/2012,695951
06/1/2012,695951
05/25/2012,695951
05/18/2012,695951
05/11/2012,695951
05/4/2012,695951
04/27/2012,695951
04/20/2012,695951
04/13/2012,695951
04/6/2012,695951
03/30/2012,695951
03/23/2012,695951
03/16/2012,695951
03/9/2012,695951
03/2/2012,695951
02/24/2012,695951
02/17/2012,695951
02/10/2012,695951
02/3/2012,695951
01/27/2012,695951
01/20/2012,695951
01/13/2012,695951
01/6/2012,695951
12/30/2011,695951
12/23/2011,695951
12/16/2011,695951
12/9/2011,695951
12/2/2011,695951
11/25/2011,695951
11/18/2011,695951
11/11/2011,695950
11/4/2011,695951
10/28/2011,695951
10/21/2011,695951
10/14/2011,695951
10/7/2011,695956
09/30/2011,695953
09/23/2011,695953
09/16/2011,695939
09/9/2011,695939
09/2/2011,696939
08/26/2011,701825
08/19/2011,706551
08/12/2011,711353
08/5/2011,717267
07/29/2011,719761
07/22/2011,724263
07/15/2011,726531
07/8/2011,726531
07/1/2011,726531
06/24/2011,726531
06/17/2011,726531
06/10/2011,726542
06/3/2011,726542
05/27/2011,726542
05/20/2011,726542
05/13/2011,726542
05/6/2011,726542
04/29/2011,726542
04/22/2011,726542
04/15/2011,726542
04/8/2011,726542
04/1/2011,726542
03/25/2011,726542
03/18/2011,726542
03/11/2011,726542
03/4/2011,726542
02/25/2011,726543
02/18/2011,726543
02/11/2011,726543
02/4/2011,726544
01/28/2011,726544
01/21/2011,726544
01/14/2011,726544
01/7/2011,726545
12/31/2010,726546
12/24/2010,726546
12/17/2010,726546
12/10/2010,726548
12/3/2010,726548
11/26/2010,726548
11/19/2010,726549
11/12/2010,726550
11/5/2010,726550
10/29/2010,726552
10/22/2010,726552
10/15/2010,726511
10/8/2010,726513
10/1/2010,726350
09/24/2010,726350
09/17/2010,726177
09/10/2010,726581
09/3/2010,726581
08/27/2010,726583
08/20/2010,726584
08/13/2010,726586
08/6/2010,726586
07/30/2010,726589
07/23/2010,726589
07/16/2010,726591
07/9/2010,726591
07/2/2010,726591
06/25/2010,726592
06/18/2010,726594
06/11/2010,726594
06/4/2010,726595
05/28/2010,726595
05/21/2010,726597
05/14/2010,726597
05/7/2010,726599
04/30/2010,726601
04/23/2010,726601
04/16/2010,726602
04/9/2010,726604
04/2/2010,726606
03/26/2010,726607
03/19/2010,726607
03/12/2010,726608
03/5/2010,726608
02/26/2010,726610
02/19/2010,726612
02/12/2010,726612
02/5/2010,726612
01/29/2010,726615
01/22/2010,726615
01/15/2010,726616
01/8/2010,726616
01/1/2010,726617
12/25/2009,726127
12/18/2009,726128
12/11/2009,726129
12/4/2009,726129
11/27/2009,725603
11/20/2009,725080
11/13/2009,725081
11/6/2009,725081
10/30/2009,725082
10/23/2009,725082
10/16/2009,725084
10/9/2009,725086
10/2/2009,725086
09/25/2009,725087
09/18/2009,725089
09/11/2009,724591
09/4/2009,724092
08/28/2009,724092
08/21/2009,724093
08/14/2009,724093
08/7/2009,724094
07/31/2009,724096
07/24/2009,724096
07/17/2009,724097
07/10/2009,724098
07/3/2009,723418
06/26/2009,723419
06/19/2009,722780
06/12/2009,722285
06/5/2009,721700
05/29/2009,721700
05/22/2009,721616
05/15/2009,720331
05/8/2009,719592
05/1/2009,718737
04/24/2009,716673
04/17/2009,715448
04/10/2009,714150
04/3/2009,712887
03/27/2009,711015
03/20/2009,709343
03/13/2009,707496
03/6/2009,705695
02/27/2009,704903
02/20/2009,704171
02/13/2009,703942
02/6/2009,703843
01/30/2009,703519
01/23/2009,702796
01/16/2009,702063
01/9/2009,701890
01/2/2009,701824
12/26/2008,701824
12/19/2008,701826
12/12/2008,701828
12/5/2008,701828
11/28/2008,701830
11/21/2008,701830
11/14/2008,701830
11/7/2008,701831
10/31/2008,701833
10/24/2008,701833
10/17/2008,701887
10/10/2008,702134
10/3/2008,702414
09/26/2008,704414
09/19/2008,705789
09/12/2008,707212
09/5/2008,707213
08/29/2008,707213
08/22/2008,707213
08/15/2008,707214
08/8/2008,707215
08/1/2008,706815
07/25/2008,706300
07/18/2008,706184
07/11/2008,706068
07/4/2008,705956
06/27/2008,705823
06/20/2008,704846
06/13/2008,704744
06/6/2008,704253
05/30/2008,704102
05/23/2008,703289
05/16/2008,702650
05/9/2008,701992
05/2/2008,701331
04/25/2008,701339
04/18/2008,701132
04/11/2008,701013
04/4/2008,700372
03/28/2008,699750
03/21/2008,699503
03/14/2008,699504
03/7/2008,698822
02/29/2008,698711
02/22/2008,698577
02/15/2008,698349
02/8/2008,698349
02/1/2008,698254
01/25/2008,698145
01/18/2008,698146
01/11/2008,698069
01/4/2008,696549
12/28/2007,696375
12/21/2007,695501
12/14/2007,695600
12/7/2007,695503
11/30/2007,695409
11/23/2007,694773
11/16/2007,694773
11/9/2007,694680
11/2/2007,694035
10/26/2007,693943
10/19/2007,693851
10/12/2007,693305
10/5/2007,692803
09/28/2007,692804
09/21/2007,692541
09/14/2007,690912
09/7/2007,690437
08/31/2007,690271
08/24/2007,690271
08/17/2007,690270
08/10/2007,690270
08/3/2007,690270
07/27/2007,690270
07/20/2007,690270
07/13/2007,690270
07/6/2007,690270
06/29/2007,690270
06/22/2007,690270
06/15/2007,690270
06/8/2007,690270
06/1/2007,690270
05/25/2007,689988
05/18/2007,689691
05/11/2007,689609
05/4/2007,689477
04/27/2007,689313
04/20/2007,689025
04/13/2007,688915
04/6/2007,688661
03/30/2007,688603
03/23/2007,688603
03/16/2007,688604
03/9/2007,688604
03/2/2007,688604
02/23/2007,688605
02/16/2007,688605
02/9/2007,688605
02/2/2007,688605
01/26/2007,688605
01/19/2007,688605
01/12/2007,688605
01/5/2007,688605
12/29/2006,688605
12/22/2006,688605
12/15/2006,688605
12/8/2006,688605
12/1/2006,688605
11/24/2006,688605
11/17/2006,688605
11/10/2006,688605
11/3/2006,688515
10/27/2006,688438
10/20/2006,688195
10/13/2006,687926
10/6/2006,687927
09/29/2006,687838
09/22/2006,687838
09/15/2006,687839
09/8/2006,687840
09/1/2006,687842
08/25/2006,687842
08/18/2006,687843
08/11/2006,687845
08/4/2006,687845
07/28/2006,687846
07/21/2006,687847
07/14/2006,687847
07/7/2006,687848
06/30/2006,688598
06/23/2006,688598
06/16/2006,688599
06/9/2006,688597
06/2/2006,688598
05/26/2006,688598
05/19/2006,688599
05/12/2006,688599
05/5/2006,688057
04/28/2006,687614
04/21/2006,687116
04/14/2006,686896
04/7/2006,686457
03/31/2006,686300
03/24/2006,685700
03/17/2006,685200
03/10/2006,684800
03/3/2006,684800
02/24/2006,684600
02/17/2006,684300
02/10/2006,683900
02/3/2006,683900
01/27/2006,683700
01/20/2006,684496
01/13/2006,684300
01/6/2006,684300
12/30/2005,684600
12/23/2005,685100
12/16/2005,685100
12/9/2005,685600
12/2/2005,685600
11/25/2005,685100
11/18/2005,684400
11/11/2005,684700
11/4/2005,684500
10/28/2005,685200
10/21/2005,687100
10/14/2005,688700
10/7/2005,690520
09/30/2005,693250
09/23/2005,695500
09/16/2005,696464
09/9/2005,699200
09/2/2005,700500
08/26/2005,700500
08/19/2005,700231
08/12/2005,699756
08/5/2005,698933
07/29/2005,698205
07/22/2005,698000
07/15/2005,697484
07/8/2005,697000
07/1/2005,696300
06/24/2005,695800
06/17/2005,695563
06/10/2005,694935
06/3/2005,693939
05/27/2005,693295
05/20/2005,692909
05/13/2005,692467
05/6/2005,692012
04/29/2005,691215
04/22/2005,690740
04/15/2005,689804
04/8/2005,688751
04/1/2005,687500
03/25/2005,686878
03/18/2005,685368
03/11/2005,683657
03/4/2005,682015
02/25/2005,681513
02/18/2005,681059
02/11/2005,680515
02/4/2005,679675
01/28/2005,678627
01/21/2005,677618
01/14/2005,676460
01/7/2005,675606
12/31/2004,674000
12/24/2004,673606
12/17/2004,673606
12/10/2004,673234
12/3/2004,672772
11/26/2004,671247
11/19/2004,671247
11/12/2004,671248
11/5/2004,670323
10/29/2004,669715
10/22/2004,669595
10/15/2004,668949
10/8/2004,669200
10/1/2004,670150
09/24/2004,670442
09/17/2004,669857
09/10/2004,669301
09/3/2004,669003
08/27/2004,668516
08/20/2004,667208
08/13/2004,666182
08/6/2004,665670
07/30/2004,664516
07/23/2004,663967
07/16/2004,662873
07/9/2004,662876
07/2/2004,662380
06/25/2004,662380
06/18/2004,661339
06/11/2004,661339
06/4/2004,661343
05/28/2004,660346
05/21/2004,659480
05/14/2004,659331
05/7/2004,659033
04/30/2004,657588
04/23/2004,656502
04/16/2004,654312
04/9/2004,652985
04/2/2004,652143
03/26/2004,650882
03/19/2004,649569
03/12/2004,648200
03/5/2004,647542
02/27/2004,646581
02/20/2004,645327
02/13/2004,643444
02/6/2004,641855
01/30/2004,641063
01/23/2004,640462
01/16/2004,639586
01/9/2004,639277
01/2/2004,638232
12/26/2003,636355
12/19/2003,635658
12/12/2003,634700
12/5/2003,634179
11/28/2003,633380
11/21/2003,632635
11/14/2003,632222
11/7/2003,631209
10/31/2003,629986
10/24/2003,628750
10/17/2003,627093
10/10/2003,625686
10/3/2003,623805
09/26/2003,622000
09/19/2003,621367
09/12/2003,620228
09/5/2003,618456
08/29/2003,616993
08/22/2003,615926
08/15/2003,612700
08/8/2003,612562
08/1/2003,612413
07/25/2003,610700
07/18/2003,610000
07/11/2003,609300
07/4/2003,608692
06/27/2003,607327
06/20/2003,605532
06/13/2003,605234
06/6/2003,603975
05/30/2003,602527
05/23/2003,601602
05/16/2003,601080
05/9/2003,600390
05/2/2003,599585
04/25/2003,599448
04/18/2003,599448
04/11/2003,599448
04/4/2003,599247
03/28/2003,599247
03/21/2003,599247
03/14/2003,599247
03/7/2003,599247
02/28/2003,599247
02/21/2003,599247
02/14/2003,599247
02/7/2003,599247
01/31/2003,599247
01/24/2003,599247
01/17/2003,599251
01/10/2003,599251
01/3/2003,599095
12/27/2002,598895
12/20/2002,598794
12/13/2002,598083
12/6/2002,597138
11/29/2002,594637
11/22/2002,593506
11/15/2002,591949
11/8/2002,590641
11/1/2002,589075
10/25/2002,588563
10/18/2002,588130
10/11/2002,587731
10/4/2002,586232
09/27/2002,585283
09/20/2002,583983
09/13/2002,583631
09/6/2002,582265
08/30/2002,580885
08/23/2002,580216
08/16/2002,579585
08/9/2002,579095
08/2/2002,578522
07/26/2002,578048
07/19/2002,578048
07/12/2002,577525
07/5/2002,576444
06/28/2002,575417
06/21/2002,574333
06/14/2002,572750
06/7/2002,571859
05/31/2002,570742
05/24/2002,569491
05/17/2002,568339
05/10/2002,567718
05/3/2002,566756
04/26/2002,565517
04/19/2002,564938
04/12/2002,563122
04/5/2002,561487
03/29/2002,560915
03/22/2002,560916
03/15/2002,560916
03/8/2002,559964
03/1/2002,559725
02/22/2002,559171
02/15/2002,557447
02/8/2002,557067
02/1/2002,554224
01/25/2002,553504
01/18/2002,552457
01/11/2002,551271
01/4/2002,550239
12/28/2001,549047
12/21/2001,549047
12/14/2001,548344
12/7/2001,547325
11/30/2001,547325
11/23/2001,546779
11/16/2001,546255
11/9/2001,545734
11/2/2001,545205
10/26/2001,544760
10/19/2001,544760
10/12/2001,544760
10/5/2001,544760
09/28/2001,544759
09/21/2001,544759
09/14/2001,544278
09/7/2001,543734
08/31/2001,543734
08/24/2001,543734
08/17/2001,543734
08/10/2001,543734
08/3/2001,543733
07/27/2001,543733
07/20/2001,543733
07/13/2001,543733
07/6/2001,543733
06/29/2001,543270
06/22/2001,543270
06/15/2001,543270
06/8/2001,543270
06/1/2001,543270
05/25/2001,543270
05/18/2001,543270
05/11/2001,543270
05/4/2001,542809
04/27/2001,542350
04/20/2001,542350
04/13/2001,542290
04/6/2001,542291
03/30/2001,542291
03/23/2001,542291
03/16/2001,542291
03/9/2001,542130
03/2/2001,541676
02/23/2001,541676
02/16/2001,541676
02/9/2001,541676
02/2/2001,541673
01/26/2001,540678
01/19/2001,540678
01/12/2001,540678
01/5/2001,540678
12/29/2000,541188
12/22/2000,541906
12/15/2000,543335
12/8/2000,547704
12/1/2000,552800
11/24/2000,554277
11/17/2000,560326
11/10/2000,564498
11/3/2000,565995
10/27/2000,567886
10/20/2000,570762
10/13/2000,570762
10/6/2000,570280
09/29/2000,570668
09/22/2000,571365
09/15/2000,571365
09/8/2000,571365
09/1/2000,571106
08/25/2000,571106
08/18/2000,570866
08/11/2000,570866
08/4/2000,570352
07/28/2000,569467
07/21/2000,569368
07/14/2000,569368
07/7/2000,568892
06/30/2000,568417
06/23/2000,568417
06/16/2000,569413
06/9/2000,569413
06/2/2000,569413
05/26/2000,569413
05/19/2000,569413
05/12/2000,569413
05/5/2000,569413
04/28/2000,569413
04/21/2000,569413
04/14/2000,569413
04/7/2000,569412
03/31/2000,569412
03/24/2000,569373
03/17/2000,569373
03/10/2000,569374
03/3/2000,569374
02/25/2000,569095
02/18/2000,569293
02/11/2000,569292
02/4/2000,568994
01/28/2000,568414
01/21/2000,568115
01/14/2000,567518
01/7/2000,567242
12/31/1999,567684
12/24/1999,567684
12/17/1999,567976
12/10/1999,567975
12/3/1999,569115
11/26/1999,569836
11/19/1999,570971
11/12/1999,572769
11/5/1999,572791
10/29/1999,575472
10/22/1999,575472
10/15/1999,575472
10/8/1999,574876
10/1/1999,574876
09/24/1999,574876
09/17/1999,574876
09/10/1999,575702
09/3/1999,575702
08/27/1999,575702
08/20/1999,575702
08/13/1999,575702
08/6/1999,574799
07/30/1999,574799
07/23/1999,574799
07/16/1999,574799
07/9/1999,573595
07/2/1999,573595
06/25/1999,573595
06/18/1999,573595
06/11/1999,573595
06/4/1999,572452
05/28/1999,572452
05/21/1999,572452
05/14/1999,572452
05/7/1999,571951
04/30/1999,571951
04/23/1999,571951
04/16/1999,571951
04/9/1999,571951
04/2/1999,571951
03/26/1999,571951
03/19/1999,571951
03/12/1999,571951
03/5/1999,571951
02/26/1999,571951
02/19/1999,572000
02/12/1999,571951
02/5/1999,571405
01/29/1999,571405
01/22/1999,571405
01/15/1999,568525
01/8/1999,568525
01/1/1999,568525
12/25/1998,568525
12/18/1998,568525
12/11/1998,564015
12/4/1998,564015
11/27/1998,564015
11/20/1998,564015
11/13/1998,564015
11/6/1998,563426
10/30/1998,563426
10/23/1998,563426
10/16/1998,563426
10/9/1998,563426
10/2/1998,563426
09/25/1998,563426
09/18/1998,563426
09/11/1998,563426
09/4/1998,563426
08/28/1998,563426
08/21/1998,563426
08/14/1998,563429
08/7/1998,563429
07/31/1998,563429
07/24/1998,563429
07/17/1998,563429
07/10/1998,563429
07/3/1998,563428
06/26/1998,563428
06/19/1998,563428
06/12/1998,563426
06/5/1998,563426
05/29/1998,563426
05/22/1998,563426
05/15/1998,563426
05/8/1998,563426
05/1/1998,563426
04/24/1998,563426
04/17/1998,563426
04/10/1998,563426
04/3/1998,563426
03/27/1998,563426
03/20/1998,563426
03/13/1998,563426
03/6/1998,563430
02/27/1998,563430
02/20/1998,563430
02/13/1998,563430
02/6/1998,563429
01/30/1998,563479
01/23/1998,563429
01/16/1998,563429
01/9/1998,563429
01/2/1998,563430
12/26/1997,563430
12/19/1997,563430
12/12/1997,563439
12/5/1997,563439
11/28/1997,563439
11/21/1997,563439
11/14/1997,563439
11/7/1997,563444
10/31/1997,563444
10/24/1997,563444
10/17/1997,563444
10/10/1997,563444
10/3/1997,563449
09/26/1997,563449
09/19/1997,563449
09/12/1997,563449
09/5/1997,563452
08/29/1997,563452
08/22/1997,563452
08/15/1997,563452
08/8/1997,563452
08/1/1997,563455
07/25/1997,563455
07/18/1997,563455
07/11/1997,563455
07/4/1997,563459
06/27/1997,563459
06/20/1997,563459
06/13/1997,563459
06/6/1997,563463
05/30/1997,563463
05/23/1997,563463
05/16/1997,563463
05/9/1997,563463
05/2/1997,563469
04/25/1997,563479
04/18/1997,563479
04/11/1997,563469
04/4/1997,563474
03/28/1997,563474
03/21/1997,563474
03/14/1997,563474
03/7/1997,563482
02/28/1997,563482
02/21/1997,563482
02/14/1997,563482
02/7/1997,563484
01/31/1997,563793
01/24/1997,564783
01/17/1997,565188
01/10/1997,565816
01/3/1997,566762
12/27/1996,567467
12/20/1996,568094
12/13/1996,569820
12/6/1996,570100
11/29/1996,571119
11/22/1996,572063
11/15/1996,573390
11/8/1996,573621
11/1/1996,573659
10/25/1996,573659
10/18/1996,573659
10/11/1996,573659
10/4/1996,573665
09/27/1996,573665
09/20/1996,575720
09/13/1996,576244
09/6/1996,577575
08/30/1996,578649
08/23/1996,580295
08/16/1996,580868
08/9/1996,581389
08/2/1996,582912
07/26/1996,583114
07/19/1996,583583
07/12/1996,583984
07/5/1996,584465
06/28/1996,584469
06/21/1996,584469
06/14/1996,585803
06/7/1996,585803
05/31/1996,585815
05/24/1996,586485
05/17/1996,586485
05/10/1996,586493
05/3/1996,586493
04/26/1996,586493
04/19/1996,586994
04/12/1996,587644
04/5/1996,589129
03/29/1996,589122
03/22/1996,591617
03/15/1996,591617
03/8/1996,591630
03/1/1996,591630
02/23/1996,591630
02/16/1996,591630
02/9/1996,591640
02/2/1996,591640
01/26/1996,591640
01/19/1996,591640
01/12/1996,591640
01/5/1996,591648
12/29/1995,591648
12/22/1995,591648
12/15/1995,591651
12/8/1995,591663
12/1/1995,591663
11/24/1995,591663
11/17/1995,591663
11/10/1995,591663
11/3/1995,591668
10/27/1995,591668
10/20/1995,591668
10/13/1995,591673
10/6/1995,591673
09/29/1995,591673
09/22/1995,591673
09/15/1995,591673
09/8/1995,591670
09/1/1995,591670
08/25/1995,591670
08/18/1995,591670
08/11/1995,591670
08/4/1995,591700
07/28/1995,591672
07/21/1995,591672
07/14/1995,591669
07/7/1995,591669
06/30/1995,591669
06/23/1995,591669
06/16/1995,591669
06/9/1995,591669
06/2/1995,591671
05/26/1995,591671
05/19/1995,591671
05/12/1995,591671
05/5/1995,591672
04/28/1995,591672
04/21/1995,591673
04/14/1995,591672
04/7/1995,591672
03/31/1995,591673
03/24/1995,591673
03/17/1995,591673
03/10/1995,591673
03/3/1995,591671
02/24/1995,591671
02/17/1995,591671
02/10/1995,591671
02/3/1995,591670
01/27/1995,591670
01/20/1995,591670
01/13/1995,591670
01/6/1995,591673
12/30/1994,591673
12/23/1994,591673
12/16/1994,591673
12/9/1994,591673
12/2/1994,591674
11/25/1994,591674
11/18/1994,591674
11/11/1994,591674
11/4/1994,591676
10/28/1994,591676
10/21/1994,591676
10/14/1994,591676
10/7/1994,591675
09/30/1994,591675
09/23/1994,591675
09/16/1994,591675
09/9/1994,591675
09/2/1994,591673
08/26/1994,591673
08/19/1994,591673
08/12/1994,591672
08/5/1994,591673
07/29/1994,591670
07/22/1994,591670
07/15/1994,591669
07/8/1994,591669
07/1/1994,591178
06/24/1994,591178
06/17/1994,591178
06/10/1994,591178
06/3/1994,591173
05/27/1994,591173
05/20/1994,591173
05/13/1994,591173
05/6/1994,591179
04/29/1994,591179
04/22/1994,591179
04/15/1994,591179
04/8/1994,590256
04/1/1994,589169
03/25/1994,589169
03/18/1994,589169
03/11/1994,587193
03/4/1994,587193
02/25/1994,587192
02/18/1994,587192
02/11/1994,587192
02/4/1994,587192
01/28/1994,587164
01/21/1994,587146
01/14/1994,587080
01/7/1994,587080
12/31/1993,587018
12/24/1993,586884
12/17/1993,586884
12/10/1993,586794
12/3/1993,586793
11/26/1993,586627
11/19/1993,586568
11/12/1993,586248
11/5/1993,586079
10/29/1993,586079
10/22/1993,585993
10/15/1993,585910
10/8/1993,585658
10/1/1993,585587
09/24/1993,585508
09/17/1993,585183
09/10/1993,584087
09/3/1993,584087
08/27/1993,583837
08/20/1993,583753
08/13/1993,583587
08/6/1993,583332
07/30/1993,582939
07/23/1993,582939
07/16/1993,582939
07/9/1993,582754
07/2/1993,582526
06/25/1993,582425
06/18/1993,582425
06/11/1993,582119
06/4/1993,582121
05/28/1993,582037
05/21/1993,581954
05/14/1993,581702
05/7/1993,581689
04/30/1993,581485
04/23/1993,579840
04/16/1993,578593
04/9/1993,578593
04/2/1993,577606
03/26/1993,577378
03/19/1993,576834
03/12/1993,576017
03/5/1993,575806
02/26/1993,575721
02/19/1993,575582
02/12/1993,575311
02/5/1993,575313
01/29/1993,575247
01/22/1993,575145
01/15/1993,574977
01/8/1993,574723
01/1/1993,574638
12/25/1992,574562
12/18/1992,574393
12/11/1992,574039
12/4/1992,573837
11/27/1992,573837
11/20/1992,573837
11/13/1992,573575
11/6/1992,573575
10/30/1992,573503
10/23/1992,573302
10/16/1992,573302
10/9/1992,571438
10/2/1992,571440
09/25/1992,570322
09/18/1992,570322
09/11/1992,570322
09/4/1992,570092
08/28/1992,570092
08/21/1992,569776
08/14/1992,569521
08/7/1992,569521
07/31/1992,569520
07/24/1992,569520
07/17/1992,569520
07/10/1992,569522
07/3/1992,569522
06/26/1992,569521
06/19/1992,568514
06/12/1992,568514
06/5/1992,568511
05/29/1992,568511
05/22/1992,568511
05/15/1992,568511
05/8/1992,568511
05/1/1992,568511
04/24/1992,568511
04/17/1992,568511
04/10/1992,568511
04/3/1992,568510
03/27/1992,568510
03/20/1992,568510
03/13/1992,568510
03/6/1992,568510
02/28/1992,568510
02/21/1992,568510
02/14/1992,568510
02/7/1992,568508
01/31/1992,568508
01/24/1992,568508
01/17/1992,568508
01/10/1992,568508
01/3/1992,568502
12/27/1991,568502
12/20/1991,568502
12/13/1991,568502
12/6/1991,568502
11/29/1991,568505
11/22/1991,568505
11/15/1991,568505
11/8/1991,568503
11/1/1991,568503
10/25/1991,568503
10/18/1991,568503
10/11/1991,568503
10/4/1991,568503
09/27/1991,568503
09/20/1991,568503
09/13/1991,568503
09/6/1991,568503
08/30/1991,568502
08/23/1991,568502
08/16/1991,568502
08/9/1991,568488
08/2/1991,568488
07/26/1991,568488
07/19/1991,568488
07/12/1991,568488
07/5/1991,568483
06/28/1991,568483
06/21/1991,568482
06/14/1991,568483
06/7/1991,568483
05/31/1991,568483
05/24/1991,568483
05/17/1991,568483
05/10/1991,568483
05/3/1991,568482
04/26/1991,568482
04/19/1991,568482
04/12/1991,568482
04/5/1991,568482
03/29/1991,571410
03/22/1991,572453
03/15/1991,574986
03/8/1991,577748
03/1/1991,581560
02/22/1991,583245
02/15/1991,583506
02/8/1991,584765
02/1/1991,585692
01/25/1991,585692
01/18/1991,585691
01/11/1991,585691
01/4/1991,585692
12/28/1990,585692
12/21/1990,585692
12/14/1990,585692
12/7/1990,586016
11/30/1990,586903
11/23/1990,587316
11/16/1990,587938
11/9/1990,588217
11/2/1990,589366
10/26/1990,589623
10/19/1990,589623
10/12/1990,589623
10/5/1990,589623
09/28/1990,589623
09/21/1990,589623
09/14/1990,589623
09/7/1990,589623
08/31/1990,589623
08/24/1990,588692
08/17/1990,587202
08/10/1990,586678
08/3/1990,586677
07/27/1990,586678
07/20/1990,586678
07/13/1990,586678
07/6/1990,586686
06/29/1990,586686
06/22/1990,586181
06/15/1990,586181
06/8/1990,586181
06/1/1990,586181
05/25/1990,586181
05/18/1990,585183
05/11/1990,584305
05/4/1990,583419
04/27/1990,582656
04/20/1990,582279
04/13/1990,582279
04/6/1990,582279
03/30/1990,581417
03/23/1990,581417
03/16/1990,581417
03/9/1990,581417
03/2/1990,580925
02/23/1990,580925
02/16/1990,580925
02/9/1990,580925
02/2/1990,580599
01/26/1990,580228
01/19/1990,580228
01/12/1990,580228
01/5/1990,579854
12/29/1989,579854
12/22/1989,579854
12/15/1989,579854
12/8/1989,579854
12/1/1989,579487
11/24/1989,579487
11/17/1989,579001
11/10/1989,578659
11/3/1989,578283
10/27/1989,577782
10/20/1989,577782
10/13/1989,577430
10/6/1989,577131
09/29/1989,577128
09/22/1989,576593
09/15/1989,576274
09/8/1989,575932
09/1/1989,575376
08/25/1989,574732
08/18/1989,574388
08/11/1989,574388
08/4/1989,574390
07/28/1989,574045
07/21/1989,573202
07/14/1989,572857
07/7/1989,572061
06/30/1989,571721
06/23/1989,570912
06/16/1989,570912
06/9/1989,570912
06/2/1989,570402
05/26/1989,569420
05/19/1989,568910
05/12/1989,568910
05/5/1989,568008
04/28/1989,567430
04/21/1989,566707
04/14/1989,566707
04/7/1989,566224
03/31/1989,565578
03/24/1989,565578
03/17/1989,565578
03/10/1989,564229
03/3/1989,563884
02/24/1989,563374
02/17/1989,563028
02/10/1989,562684
02/3/1989,561862
01/27/1989,561186
01/20/1989,561186
01/13/1989,560761
01/6/1989,559908
12/30/1988,559513
12/23/1988,559167
12/16/1988,559167
12/9/1988,558673
12/2/1988,558670
11/25/1988,558179
11/18/1988,557680
11/11/1988,556844
11/4/1988,556001
10/28/1988,556003
10/21/1988,555160
10/14/1988,554649
10/7/1988,554146
09/30/1988,554146
09/23/1988,553544
09/16/1988,553036
09/9/1988,553036
09/2/1988,552141
08/26/1988,552141
08/19/1988,551647
08/12/1988,551647
08/5/1988,551647
07/29/1988,551345
07/22/1988,551043
07/15/1988,550748
07/8/1988,550404
07/1/1988,549697
06/24/1988,549361
06/17/1988,548910
06/10/1988,548910
06/3/1988,547938
05/27/1988,547597
05/20/1988,547258
05/13/1988,547258
05/6/1988,547258
04/29/1988,546690
04/22/1988,546184
04/15/1988,546184
04/8/1988,545779
04/1/1988,544927
03/25/1988,544927
03/18/1988,544643
03/11/1988,544643
03/4/1988,544146
02/26/1988,543656
02/19/1988,543212
02/12/1988,543212
02/5/1988,542720
01/29/1988,542432
01/22/1988,541485
01/15/1988,541485
01/8/1988,540993
01/1/1988,540659
12/25/1987,540158
12/18/1987,539051
12/11/1987,538547
12/4/1987,538547
11/27/1987,537707
11/20/1987,537311
11/13/1987,536521
11/6/1987,536107
10/30/1987,535305
10/23/1987,534961
10/16/1987,534228
10/9/1987,533894
10/2/1987,533894
09/25/1987,533395
09/18/1987,533054
09/11/1987,532319
09/4/1987,531971
08/28/1987,531971
08/21/1987,531288
08/14/1987,530850
08/7/1987,530510
07/31/1987,529670
07/24/1987,529171
07/17/1987,528330
07/10/1987,527987
07/3/1987,527189
06/26/1987,526772
06/19/1987,526429
06/12/1987,526084
06/5/1987,525735
05/29/1987,524820
05/22/1987,523844
05/15/1987,523355
05/8/1987,522875
05/1/1987,521983
04/24/1987,521250
04/17/1987,520903
04/10/1987,520346
04/3/1987,519979
03/27/1987,518918
03/20/1987,518411
03/13/1987,518066
03/6/1987,516709
02/27/1987,516491
02/20/1987,515809
02/13/1987,515403
02/6/1987,515200
01/30/1987,513935
01/23/1987,513038
01/16/1987,512472
01/9/1987,511956
01/2/1987,511564
12/26/1986,511001
12/19/1986,510656
12/12/1986,509678
12/5/1986,509470
11/28/1986,509267
11/21/1986,508398
11/14/1986,508398
11/7/1986,507894
10/31/1986,507518
10/24/1986,506815
10/17/1986,506815
10/10/1986,506381
10/3/1986,506381
09/26/1986,506381
09/19/1986,505658
09/12/1986,505316
09/5/1986,504973
08/29/1986,504973
08/22/1986,504578
08/15/1986,504191
08/8/1986,503400
08/1/1986,503398
07/25/1986,503095
07/18/1986,502750
07/11/1986,502131
07/4/1986,501786
06/27/1986,501384
06/20/1986,501043
06/13/1986,500695
06/6/1986,500292
05/30/1986,499479
05/23/1986,499130
05/16/1986,498784
05/9/1986,498784
05/2/1986,498784
04/25/1986,498170
04/18/1986,497559
04/11/1986,497295
04/4/1986,496892
03/28/1986,496590
03/21/1986,496188
03/14/1986,495782
03/7/1986,495782
02/28/1986,495057
02/21/1986,494724
02/14/1986,494392
02/7/1986,494392
01/31/1986,494389
01/24/1986,493506
01/17/1986,492793
01/10/1986,492793
01/3/1986,493316
12/27/1985,492666
12/20/1985,492607
12/13/1985,492082
12/6/1985,491827
11/29/1985,491057
11/22/1985,490794
11/15/1985,490140
11/8/1985,490140
11/1/1985,489880
10/25/1985,489616
10/18/1985,489254
10/11/1985,489254
10/4/1985,489254
09/27/1985,489249
09/20/1985,488019
09/13/1985,487755
09/6/1985,487383
08/30/1985,486860
08/23/1985,485619
08/16/1985,484640
08/9/1985,483947
08/2/1985,483533
07/26/1985,482052
07/19/1985,481253
07/12/1985,477998
07/5/1985,476571
06/28/1985,476150
06/21/1985,474619
06/14/1985,473426
06/7/1985,471930
05/31/1985,471336
05/24/1985,469968
05/17/1985,467854
05/10/1985,466127
05/3/1985,464940
04/26/1985,464051
04/19/1985,462387
04/12/1985,461962
04/5/1985,461617
03/29/1985,461266
03/22/1985,461005
03/15/1985,460398
03/8/1985,460138
03/1/1985,459519
02/22/1985,458753
02/15/1985,458106
02/8/1985,457755
02/1/1985,457232
01/25/1985,454165
01/18/1985,453800
01/11/1985,450851
01/4/1985,450505
12/28/1984,449157
12/21/1984,447559
12/14/1984,446094
12/7/1984,444074
11/30/1984,443046
11/23/1984,441273
11/16/1984,439228
11/9/1984,438731
11/2/1984,436093
10/26/1984,433895
10/19/1984,433396
10/12/1984,433080
10/5/1984,432086
09/28/1984,431066
09/21/1984,430407
09/14/1984,430101
09/7/1984,430101
08/31/1984,429467
08/24/1984,428280
08/17/1984,427600
08/10/1984,426110
08/3/1984,423899
07/27/1984,420094
07/20/1984,418845
07/13/1984,417032
07/6/1984,413730
06/29/1984,412610
06/22/1984,408730
06/15/1984,408365
06/8/1984,405194
06/1/1984,402825
05/25/1984,400842
05/18/1984,399500
05/11/1984,398454
05/4/1984,397205
04/27/1984,395957
04/20/1984,395330
04/13/1984,393499
04/6/1984,393499
03/30/1984,391798
03/23/1984,389265
03/16/1984,388737
03/9/1984,387559
03/2/1984,387234
02/24/1984,386935
02/17/1984,386277
02/10/1984,385472
02/3/1984,384770
01/27/1984,384455
01/20/1984,383796
01/13/1984,382600
01/6/1984,380664
12/30/1983,378309
12/23/1983,377184
12/16/1983,375005
12/9/1983,374518
12/2/1983,371291
11/25/1983,370630
11/18/1983,370160
11/11/1983,369566
11/4/1983,368324
10/28/1983,366141
10/21/1983,365212
10/14/1983,364933
10/7/1983,361276
09/30/1983,360456
09/23/1983,358289
09/16/1983,355695
09/9/1983,353339
09/2/1983,351783
08/26/1983,349031
08/19/1983,345689
08/12/1983,343932
08/5/1983,341779
07/29/1983,339962
07/22/1983,337901
07/15/1983,335797
07/8/1983,334661
07/1/1983,332136
06/24/1983,330079
06/17/1983,327971
06/10/1983,327402
06/3/1983,326832
05/20/1983,324116
05/13/1983,320749
04/29/1983,317456
04/15/1983,314817
04/8/1983,313583
04/1/1983,311841
03/25/1983,310320
03/18/1983,309756
03/11/1983,308517
03/4/1983,306964
02/25/1983,305348
02/18/1983,303746
02/11/1983,301960
02/4/1983,300917
01/28/1983,298379
01/21/1983,296684
01/14/1983,295440
01/7/1983,294818
12/31/1982,293214
12/24/1982,292488
12/17/1982,291718
12/10/1982,291509
12/3/1982,289963
11/26/1982,288156
11/19/1982,286335
11/12/1982,286198
11/5/1982,284906
10/29/1982,284268
10/22/1982,283393
10/15/1982,280802
10/8/1982,278725
10/1/1982,277633
09/24/1982,276833
08/27/1982,272603
08/20/1982,270455